{"type":"header","name":"Header group","sections":{"announcement-bar":{"type":"announcement-bar","blocks":{"955bb93b-7a65-4933-8023-83a64ee46bc2":{"type":"text","settings":{"icon":"none","text":"Add campaign text here.","link":"","color_bg":"#3f72e5","color_text":"#ffffff"}},"acca6658-bd49-4cc7-be9a-c02394ef4917":{"type":"text","settings":{"icon":"none","text":"Add campaign text here.","link":"","color_bg":"#3f72e5","color_text":"#ffffff"}},"888fc484-50e5-4566-bad6-41e835d00d5f":{"type":"text","settings":{"icon":"none","text":"Add campaign text here.","link":"","color_bg":"#3f72e5","color_text":"#ffffff"}}},"block_order":["955bb93b-7a65-4933-8023-83a64ee46bc2","acca6658-bd49-4cc7-be9a-c02394ef4917","888fc484-50e5-4566-bad6-41e835d00d5f"],"disabled":true,"settings":{"announcement_bar":true,"announcement_bar_homepage_only":false,"announcement_bar_layout":"carousel","direction":"left","speed":"20s","use_block_colors":false,"autoplay":true,"autoplay_length":5}},"header-secondary-menu":{"type":"header-secondary-menu","disabled":true,"settings":{"secondary_menu":"","show_language_switcher":false,"show_currency_switcher":true,"show_social_media":true}},"header":{"type":"header","settings":{"sticky_header":false,"logo":"shopify:\/\/shop_images\/Levipot.png","logo_height_range":51,"logo_height_range_mobile":26,"style":"style1","header_shadow":"header--shadow-small","menu":"main-menu","transparent_header":true,"logo_light":"shopify:\/\/shop_images\/Levipot_1.png","mobile_secondary_menu":"","show_social_links":true,"show_language_switcher":false,"show_currency_switcher":true}},"header-mobile-navigation":{"type":"header-mobile-navigation","disabled":true,"settings":{"mobile_nav":"main-menu","color_links":"#d6d8d9","color_bg":"#787c80"}}},"order":["announcement-bar","header-secondary-menu","header","header-mobile-navigation"]}