{"current":{"heading_font":"futura_n7","heading_font_letter_spacing":-20,"body_font":"roboto_n4","navigation_uppercase":false,"button_letter_spacing":0,"button_uppercase":false,"color_body_bg":"#ffffff","color_body":"#2c2d2e","color_heading":"#1a1c1d","color_accent":"#047044","color_border":"#ffffff","color_secondary_menu_text":"#2c2d2e","color_secondary_menu_bg":"#ffffff","color_header_bg":"#ffffff","color_header_text":"#2c2d2e","color_header_links":"#2c2d2e","color_header_links_hover":"#0d7004","color_header_icons":"#2c2d2e","solid_button_background":"#2c2d2e","color_price":"#2c2d2e","color_footer_text":"#DADCE0","color_footer_link":"#aaaeb6","color_footer_border":"#868d94","color_footer_bg":"#2c2d2e","block_shadows":true,"section_spacing_desktop":80,"animations":false,"social_facebook_link":"","social_twitter_link":"","social_instagram_link":"","social_tiktok_link":"","product_card_spacing":"medium","product_aspect_ratio":"adapt","product_card_border":false,"product_card_shadow":false,"color_product_card_bg":"rgba(0,0,0,0)","sale_badge_type":"save_percentage","color_badge_sale":"#c62a32","article_card_border":false,"color_swatches":"","search_menu":"","search_product_collection":"all","search_product_collection_limit":3,"favicon":"shopify:\/\/shop_images\/Levipot_2.png","checkout_logo_image":"shopify:\/\/shop_images\/Levipot.png","checkout_accent_color":"#047044","checkout_button_color":"#047044","search_product_list":[],"content_for_index":[]},"presets":{"Default":{"heading_font":"inter_n6","heading_font_letter_spacing":-20,"body_font":"roboto_n4","navigation_uppercase":false,"button_letter_spacing":0,"button_uppercase":false,"color_body_bg":"#F5F5F5","color_body":"#2c2d2e","color_heading":"#1a1c1d","color_accent":"#3F72E5","color_secondary_menu_text":"#2c2d2e","color_header_text":"#2c2d2e","color_header_links":"#2c2d2e","color_header_icons":"#2c2d2e","solid_button_background":"#2c2d2e","color_price":"#2c2d2e","color_footer_text":"#DADCE0","color_footer_link":"#aaaeb6","color_footer_border":"#868d94","color_footer_bg":"#2c2d2e","block_shadows":true,"section_spacing_desktop":80,"social_facebook_link":"","social_twitter_link":"","social_instagram_link":"","social_tiktok_link":"","product_card_spacing":"medium","product_aspect_ratio":"adapt","product_card_border":false,"product_card_shadow":false,"color_product_card_bg":"rgba(0,0,0,0)","sale_badge_type":"save_percentage","color_badge_sale":"#c62a32","article_card_border":false,"color_swatches":"","search_menu":"","search_product_collection":"all","search_product_collection_limit":3,"search_product_list":[],"content_for_index":[]},"Emerald":{"heading_font":"itc_stepp_n7","heading_font_scale":115,"heading_font_letter_spacing":-20,"body_font":"tenor_sans_n4","navigation_uppercase":false,"button_letter_spacing":0,"button_uppercase":false,"color_body_bg":"#ffffff","color_body":"#3b5342","color_heading":"#263d2d","color_accent":"#8d5d48","color_border":"#edeae6","color_drawer_bg":"#ffffff","color_secondary_menu_text":"#3b5342","color_secondary_menu_bg":"#f1ece9","color_header_bg":"#ffffff","color_header_text":"#263d2d","color_header_links":"#3b5342","color_header_links_hover":"#8d5d48","color_header_icons":"#263d2d","solid_button_background":"#263d2d","color_price":"#3b5342","color_footer_text":"#DADCE0","color_footer_link":"#aaaeb6","color_footer_border":"#868d94","color_footer_bg":"#263d2d","block_shadows":false,"section_spacing_desktop":70,"block_border_radius":6,"button_border_radius":6,"social_facebook_link":"","social_twitter_link":"","social_instagram_link":"","social_tiktok_link":"","product_card_spacing":"medium","product_content_alignment":"center","product_aspect_ratio":"square","product_card_border":false,"product_card_shadow":false,"color_product_card_bg":"#fcf9f6","article_card_border":false,"article_card_shadow":false,"color_article_card_bg":"#fcf9f6","color_swatches":"","search_menu":"","search_product_collection":"all","search_product_collection_limit":8,"lazy_loading":true,"search_product_list":[],"content_for_index":[]},"Poochy":{"heading_font":"itc_clearface_n7","heading_font_letter_spacing":-20,"body_font":"dm_sans_n4","navigation_uppercase":false,"product_price_font_scale":140,"button_letter_spacing":0,"button_uppercase":false,"color_body_bg":"#ffffff","color_body":"#444249","color_heading":"#5c4295","color_accent":"#5c4295","color_border":"#ebebed","color_input_border":"#e6e6e6","color_drawer_bg":"#ffffff","color_announcement_bar_text":"#eb4f45","color_announcement_bar_bg":"#ffedec","color_secondary_menu_text":"#2c2d2e","color_header_bg":"#ffffff","color_header_text":"#5c4295","color_header_links":"#5c4295","color_header_links_hover":"#eb4f45","color_header_icons":"#5c4295","solid_button_background":"#eb4f45","color_price":"#eb4f45","color_price_discounted":"#229fe4","color_footer_text":"#dccffa","color_footer_link":"#ffffff","color_footer_link_hover":"#ffd79c","color_footer_border":"#795eb1","color_footer_bg":"#5c4295","block_shadows":false,"section_spacing_desktop":50,"block_border_radius":6,"button_border_radius":6,"social_facebook_link":"","social_twitter_link":"","social_instagram_link":"","social_tiktok_link":"","product_card_spacing":"small","product_price_position":"before-product-title","product_aspect_ratio":"adapt","enable_quick_view":false,"show_products_vendor":false,"product_card_border":true,"product_card_shadow":false,"color_product_card_bg":"rgba(0,0,0,0)","sale_badge_type":"save_percentage","badge_corner_radius":6,"color_badge_sale":"#f25555","article_card_border":true,"article_card_shadow":false,"color_swatches":"","free_shipping_minimum":"60","search_menu":"search","search_product_collection":"all","search_product_collection_limit":3,"search_product_list":[],"content_for_index":[]}}}