{"sections":{"16479477632637c9a7":{"type":"slideshow","blocks":{"534e99f5-02bc-40e2-8b45-d397dbc78de9":{"type":"slide","settings":{"image":"","mobile_image":"","slide_link":"","video_background":true,"subheading":"Add a tagline","heading":"DISCOVER THE PERFECT ACCESSORY FOR YOUR STYLE","heading_size":"h1","content":"","description_size":"medium","content_position":"middle-center","text_alignment":"center","content_size":"large","color_slidebg":"rgba(0,0,0,0)","color_slidebg_opacity":0,"color_slidebg_blur":0,"color_text":"#ffffff","overlay_color":"#7d4747","overlay_opacity":20,"overlay_gradient":"","button_1_text":"Shop Now","button_1_color":"white","button_1_link":"","use_text_button_1":false,"button_2_text":"","button_2_color":"white","button_2_link":"","use_text_button_2":false}},"4ad53021-5b75-4f08-929a-764c9b314b5a":{"type":"slide","settings":{"image":"","slide_link":"","video_background":false,"subheading":"NEW COLLECTION","heading":"EVERY PIECE IS A UNIQUE, ONE OF A KIND MASTERPIECE","heading_size":"h1","content":"","description_size":"medium","content_position":"middle-center","text_alignment":"center","content_size":"large","color_slidebg":"rgba(0,0,0,0)","color_slidebg_opacity":0,"color_slidebg_blur":0,"color_text":"#ffffff","overlay_color":"#000000","overlay_opacity":15,"overlay_gradient":"","button_1_text":"Shop the collection","button_1_color":"white","button_1_link":"","use_text_button_1":false,"button_2_text":"","button_2_color":"white","button_2_link":"","use_text_button_2":false}}},"block_order":["534e99f5-02bc-40e2-8b45-d397dbc78de9","4ad53021-5b75-4f08-929a-764c9b314b5a"],"settings":{"desktop_height":"desktop-height-750","mobile_height":"mobile-height-500","full_width":true,"autoplay":false,"autoplay_length":10,"transition":"fade","controls":"dots","disable_top_spacing":true,"disable_bottom_spacing":false}},"16614195534fb74bc3":{"type":"collection-tabs","blocks":{"1b2c1f86-963a-463a-bb30-7e4f456ccd82":{"type":"collection","settings":{"collection":"earrings","enable_promotion":true,"image":"","title":"SALE OFF","text":"Advertise a promotion or a sale","link_label":"Shop Sale","content_position":"bottom-left","text_alignment":"left","link":"","use_text_button":true,"block_link":"","overlay_color":"#000000","overlay_opacity":0}},"81f582b2-06f4-422b-824f-08fad93e291b":{"type":"collection","settings":{"collection":"necklaces","enable_promotion":true,"image":"","title":"SALE OFF","text":"Gold and crystal chained heart stud and ear cuff","link_label":"Shop Sale","content_position":"bottom-left","text_alignment":"left","link":"","use_text_button":false,"block_link":"","overlay_color":"#000000","overlay_opacity":10}}},"block_order":["1b2c1f86-963a-463a-bb30-7e4f456ccd82","81f582b2-06f4-422b-824f-08fad93e291b"],"settings":{"heading":"NEW ARRIVALS","marker_style":"style1","description":"<p>Beyond mere adornment, these pieces are made to make you feel good.<\/p>","product_limit":8,"columns_desktop":4,"show_progress_bar":true,"marker_color":"#fd6262","disable_top_spacing":true,"disable_bottom_spacing":true}},"f3c4ec0d-1c6a-4481-a38f-15524a566d65":{"type":"multicolumn","blocks":{"template--18092558516542__f3c4ec0d-1c6a-4481-a38f-15524a566d65-16781968370f460859-0":{"type":"column","settings":{"image":"","image_full_width":false,"image_link":"","title":"BESPOKE ENGAGEMENT RINGS","text":"<p>Looking to get the perfect engagement ring? Browse hundreds of ring styles find the perfect engagement ring today.<\/p>","link_label":"Browse Rings","link":""}},"template--18092558516542__f3c4ec0d-1c6a-4481-a38f-15524a566d65-16781968370f460859-1":{"type":"column","settings":{"image":"","image_full_width":false,"image_link":"","title":"DANGLE & DROP EARRINGS","text":"<p>These are simple enough for everyday wear and an iconic symbol you’ll want to show off for years to come.<\/p>","link_label":"Browse Earrings","link":""}}},"block_order":["template--18092558516542__f3c4ec0d-1c6a-4481-a38f-15524a566d65-16781968370f460859-0","template--18092558516542__f3c4ec0d-1c6a-4481-a38f-15524a566d65-16781968370f460859-1"],"settings":{"heading":"","marker_style":"style1","description":"","columns_desktop":2,"mobile_swipe":true,"image_ratio":"adapt","text_alignment":"center","heading_size":"h4","color_heading":"#263d2d","marker_color":"#fd6262","color_text":"#3b5342","color_links":"#8d5d48","disable_top_spacing":false,"disable_bottom_spacing":true}},"c9af3020-64c6-448e-9d0c-f8adfde956b7":{"type":"scrolling-text","blocks":{"template--18092558516542__c9af3020-64c6-448e-9d0c-f8adfde956b7-1678199298284e67d1-0":{"type":"text","settings":{"image":"","text":"Jewelryize me","link":"","outline_text":false}},"template--18092558516542__c9af3020-64c6-448e-9d0c-f8adfde956b7-1678199298284e67d1-1":{"type":"text","settings":{"image":"","text":"You’ll love it","link":"","outline_text":true}},"template--18092558516542__c9af3020-64c6-448e-9d0c-f8adfde956b7-1678199298284e67d1-2":{"type":"text","settings":{"image":"","text":"Shop the latest trends","link":"","outline_text":false}},"6bf86837-98d6-478f-b23a-163a63c8b942":{"type":"text","settings":{"image":"","text":"A Personal Touch","link":"","outline_text":true}}},"block_order":["template--18092558516542__c9af3020-64c6-448e-9d0c-f8adfde956b7-1678199298284e67d1-0","template--18092558516542__c9af3020-64c6-448e-9d0c-f8adfde956b7-1678199298284e67d1-1","template--18092558516542__c9af3020-64c6-448e-9d0c-f8adfde956b7-1678199298284e67d1-2","6bf86837-98d6-478f-b23a-163a63c8b942"],"settings":{"height":"height-auto","full_width":true,"direction":"left","speed":"50s","rotation":0,"negative_rotation":false,"font_family":"heading","text_size":80,"text_uppercase":true,"image_size":"small","color_bg":"rgba(0,0,0,0)","color_text":"#7d5c70","overlay_color":"#000000","overlay_opacity":0,"disable_top_spacing":true,"disable_bottom_spacing":true}},"44b525b1-faa3-47a3-8db8-4929eb306598":{"type":"media-grid","blocks":{"template--18092558516542__44b525b1-faa3-47a3-8db8-4929eb306598-1678199582744937cc-0":{"type":"media","settings":{"image":"","slide_link":"","use_video":false,"video_autoplay":true,"column":1,"row":1,"subheading":"","heading":"Bracelets","heading_size":"h4","button_text":"","button_link":"","content_position":"bottom-left","text_alignment":"left","color_bg":"#ffffff","color_bg_gradient":"","color_text":"#ffffff","color_link":"#3f72e5","overlay_color":"#000000","overlay_opacity":10}},"template--18092558516542__44b525b1-faa3-47a3-8db8-4929eb306598-1678199582744937cc-1":{"type":"media","settings":{"image":"","slide_link":"","use_video":false,"video_autoplay":true,"column":1,"row":1,"subheading":"","heading":"Necklaces","heading_size":"h4","button_text":"","button_link":"","content_position":"bottom-left","text_alignment":"left","color_bg":"#ffffff","color_bg_gradient":"","color_text":"#ffffff","color_link":"#3f72e5","overlay_color":"#000000","overlay_opacity":10}},"template--18092558516542__44b525b1-faa3-47a3-8db8-4929eb306598-1678199582744937cc-2":{"type":"media","settings":{"image":"","slide_link":"","use_video":false,"video_autoplay":true,"column":1,"row":1,"subheading":"","heading":"Earrings","heading_size":"h4","button_text":"","button_link":"","content_position":"bottom-left","text_alignment":"left","color_bg":"#ffffff","color_bg_gradient":"","color_text":"#ffffff","color_link":"#3f72e5","overlay_color":"#000000","overlay_opacity":10}},"a8a472ad-0b2f-4a32-8621-8cc941eb6b53":{"type":"media","settings":{"image":"","slide_link":"","use_video":false,"video_autoplay":true,"column":1,"row":1,"subheading":"","heading":"Diamonds","heading_size":"h4","button_text":"","button_link":"","content_position":"bottom-left","text_alignment":"left","color_bg":"#ffffff","color_bg_gradient":"","color_text":"#ffffff","color_link":"#3f72e5","overlay_color":"#000000","overlay_opacity":10}},"587d6dbe-d6b6-4000-bcab-29727940321c":{"type":"media","settings":{"image":"","slide_link":"","use_video":false,"video_autoplay":true,"column":2,"row":1,"subheading":"","heading":"Pearls","heading_size":"h4","button_text":"","button_link":"","content_position":"bottom-left","text_alignment":"left","color_bg":"#ffffff","color_bg_gradient":"","color_text":"#ffffff","color_link":"#3f72e5","overlay_color":"#000000","overlay_opacity":10}},"e45d02a6-0629-4379-a689-6d0ee451b1ed":{"type":"media","settings":{"image":"","slide_link":"","use_video":false,"video_autoplay":true,"column":2,"row":1,"subheading":"","heading":"Rings","heading_size":"h4","button_text":"","button_link":"","content_position":"bottom-left","text_alignment":"left","color_bg":"#ffffff","color_bg_gradient":"","color_text":"#ffffff","color_link":"#3f72e5","overlay_color":"#000000","overlay_opacity":10}}},"block_order":["template--18092558516542__44b525b1-faa3-47a3-8db8-4929eb306598-1678199582744937cc-0","template--18092558516542__44b525b1-faa3-47a3-8db8-4929eb306598-1678199582744937cc-1","template--18092558516542__44b525b1-faa3-47a3-8db8-4929eb306598-1678199582744937cc-2","a8a472ad-0b2f-4a32-8621-8cc941eb6b53","587d6dbe-d6b6-4000-bcab-29727940321c","e45d02a6-0629-4379-a689-6d0ee451b1ed"],"settings":{"desktop_height":300,"mobile_height":180,"column_spacing":"small","color_bg":"#ffffff","color_text":"#2c2d2e","color_link":"#3f72e5","disable_top_spacing":true,"disable_bottom_spacing":false}},"fccf014a-f382-42d7-8bba-d68816d841c2":{"type":"rich-text","blocks":{"079b09b9-824c-4bf3-882d-5a266482595d":{"type":"image","settings":{"image":""}},"template--18092558516542__fccf014a-f382-42d7-8bba-d68816d841c2-16782013595bdfd183-1":{"type":"heading","settings":{"text":"Timeless, classic and |elegant|","marker_style":"style2","size":"h2","marker_color":"#ff8947"}},"template--18092558516542__fccf014a-f382-42d7-8bba-d68816d841c2-16782013595bdfd183-2":{"type":"text","settings":{"text":"<p>When choosing timeless jewelry, it is important to consider factors such as design, quality, and materials to ensure that the piece will withstand the test of time and retain its value and beauty for years to come.<\/p>","size":"text-size-regular"}}},"block_order":["079b09b9-824c-4bf3-882d-5a266482595d","template--18092558516542__fccf014a-f382-42d7-8bba-d68816d841c2-16782013595bdfd183-1","template--18092558516542__fccf014a-f382-42d7-8bba-d68816d841c2-16782013595bdfd183-2"],"settings":{"text_width":"large","text_position":"center","text_alignment":"center","color_bg":"rgba(0,0,0,0)","color_heading":"#263d2d","color_text":"#3b5342","color_links":"#2c2d2e","disable_top_spacing":true,"disable_bottom_spacing":true}},"a6fe693f-b820-43bd-83d0-ee47eb26e731":{"type":"spacer","settings":{"spacer_mobile":15,"spacer_desktop":20,"border_separator":false,"border_separator_full":false}},"eb920df2-e1ec-4571-8292-63cfe33d5ad9":{"type":"featured-collection","settings":{"heading":"","marker_style":"style1","description":"","collection":"rings","display_type":"grid","product_limit":3,"columns_desktop":3,"show_view_all":true,"mobile_swipe":true,"show_progress_bar":false,"marker_color":"#fd6262","disable_top_spacing":true,"disable_bottom_spacing":true}},"93f22695-13d8-4bb3-9dbe-bc67b02a92f5":{"type":"spacer","settings":{"spacer_mobile":10,"spacer_desktop":50,"border_separator":false,"border_separator_full":false}},"bcee7466-8e7b-4179-9ddf-9801b68be54b":{"type":"shop-the-look","blocks":{"template--18092558516542__bcee7466-8e7b-4179-9ddf-9801b68be54b-16784456863d6379c2-0":{"type":"product","settings":{"product_handle":"","x_position":47,"y_position":32,"x_position_mobile":49,"y_position_mobile":28}},"1386ecf2-81df-4b7a-8778-ef1883f1875b":{"type":"product","settings":{"product_handle":"","x_position":29,"y_position":59,"x_position_mobile":30,"y_position_mobile":69}},"78a5323a-f3f2-45e7-8478-e6ec99b9d9f2":{"type":"product","settings":{"product_handle":"","x_position":76,"y_position":54,"x_position_mobile":71,"y_position_mobile":56}}},"block_order":["template--18092558516542__bcee7466-8e7b-4179-9ddf-9801b68be54b-16784456863d6379c2-0","1386ecf2-81df-4b7a-8778-ef1883f1875b","78a5323a-f3f2-45e7-8478-e6ec99b9d9f2"],"settings":{"image":"","image_mobile":"","full_width":false,"disable_top_spacing":true,"disable_bottom_spacing":false}},"a8d79de8-98ca-4e73-b2da-6385ac9b823d":{"type":"customer-reviews","blocks":{"template--18092558516542__a8d79de8-98ca-4e73-b2da-6385ac9b823d-167793751543eaf90e-0":{"type":"review","settings":{"product_handle":"","stars":"5","heading":"Unique Hand Pendant!","text":"“Very beautiful representation of hand symbol, Thanks!.”","author":"JANIS W."}},"template--18092558516542__a8d79de8-98ca-4e73-b2da-6385ac9b823d-167793751543eaf90e-1":{"type":"review","settings":{"product_handle":"","stars":"4.5","heading":"Beautiful Ring!","text":"“Gorgeous, dainty, sparkly band that works as a solo everyday ring.”","author":"JULIE THOMAS"}},"template--18092558516542__a8d79de8-98ca-4e73-b2da-6385ac9b823d-167793751543eaf90e-2":{"type":"review","settings":{"product_handle":"","stars":"4","heading":"So Pretty!","text":"“I love all of this collection, bracelets and necklaces.”","author":"GRISELLE"}},"9e46a634-9602-4769-95a2-18515c415e3e":{"type":"review","settings":{"product_handle":"","stars":"5","heading":"Super Cute","text":"“I'm hoping that the studs are long enough so they never fall off my ears.”","author":"THERESA"}},"e438744d-1621-4581-9cff-3e491b9f1145":{"type":"review","settings":{"product_handle":"","stars":"3.5","heading":"Extraordinary!","text":"Add your customer review here to showcase them.","author":"Melanie"}}},"block_order":["template--18092558516542__a8d79de8-98ca-4e73-b2da-6385ac9b823d-167793751543eaf90e-0","template--18092558516542__a8d79de8-98ca-4e73-b2da-6385ac9b823d-167793751543eaf90e-1","template--18092558516542__a8d79de8-98ca-4e73-b2da-6385ac9b823d-167793751543eaf90e-2","9e46a634-9602-4769-95a2-18515c415e3e","e438744d-1621-4581-9cff-3e491b9f1145"],"settings":{"heading":"CUSTOMER REVIEWS","description":"","columns":4,"autoplay":true,"autoplay_length":5,"color_bg":"#ffffff","color_heading":"#263d2d","color_text":"#3b5342","disable_top_spacing":true,"disable_bottom_spacing":true}},"a732f62c-ee2b-4d37-87eb-4d5a574dcc7c":{"type":"spacer","settings":{"spacer_mobile":65,"spacer_desktop":100,"border_separator":true,"border_separator_full":false}},"e718bae4-eb70-410e-a060-c6ed2dfa0510":{"type":"before-after-image","blocks":{"template--18092558516542__e718bae4-eb70-410e-a060-c6ed2dfa0510-167793749090cde4f8-0":{"type":"image","settings":{"image":"","title":"Before","heading_size":"h3","heading_position":"top","text_bg":"#ffffff","text_color":"#2c2d2e","overlay_color":"#000000","overlay_opacity":0}},"template--18092558516542__e718bae4-eb70-410e-a060-c6ed2dfa0510-167793749090cde4f8-1":{"type":"image","settings":{"image":"","title":"After","heading_size":"h3","heading_position":"bottom","text_bg":"#ffffff","text_color":"#2c2d2e","overlay_color":"#000000","overlay_opacity":0}}},"block_order":["template--18092558516542__e718bae4-eb70-410e-a060-c6ed2dfa0510-167793749090cde4f8-0","template--18092558516542__e718bae4-eb70-410e-a060-c6ed2dfa0510-167793749090cde4f8-1"],"settings":{"heading":"THE |DIAMONDS ARE REAL| BUT THE MAGIC IS IN YOUR EYES","marker_style":"style1","heading_size":"h2","description":"<p>Luxury jewelry is a high-end category of jewelry that is often made of precious metals and gems, and is known for its exceptional craftsmanship and quality. This type of jewelry is often associated with elegance and status.<\/p>","badge_text":"Custom Design","image_position":"text_first","desktop_height":"desktop-height-550","mobile_height":"mobile-height-500","initial_position":50,"marker_color":"#ff8947","line_color":"#8d5d48","color_bg_badge":"#fbe3cd","color_badge":"#3b5342","disable_top_spacing":true,"disable_bottom_spacing":false}},"8e00d6cd-6929-49c9-af9e-60c9829c238b":{"type":"testimonials","blocks":{"template--18092558516542__8e00d6cd-6929-49c9-af9e-60c9829c238b-16784487241ef496d9-0":{"type":"quote","settings":{"image":"","stars":"","text":"“A GREAT STYLE IS ALWAYS UPLIFTING, IT CAN MAKE YOU FEEL CONFIDENT, GLAMOROUS, AND SEXY. WHAT ARE YOU WAITING FOR?","author":""}},"template--18092558516542__8e00d6cd-6929-49c9-af9e-60c9829c238b-16784487241ef496d9-1":{"type":"quote","settings":{"image":"","stars":"","text":"“WE MUST BUY JEWELRY; IT IDENTIFIES US WITH OUR TRIBE, JUST AS BODY PIERCING IDENTIFIES THOSE OF A DIFFERENT TRIBE.”","author":""}},"template--18092558516542__8e00d6cd-6929-49c9-af9e-60c9829c238b-16784487241ef496d9-2":{"type":"quote","settings":{"image":"","stars":"","text":"“WEARING JEWELLERY ON THE DAY NAME ENDING WITH Y IS THE SIGN, THAT YOU HAVE GOOD JEWELRY COLLECTION.”","author":""}}},"block_order":["template--18092558516542__8e00d6cd-6929-49c9-af9e-60c9829c238b-16784487241ef496d9-0","template--18092558516542__8e00d6cd-6929-49c9-af9e-60c9829c238b-16784487241ef496d9-1","template--18092558516542__8e00d6cd-6929-49c9-af9e-60c9829c238b-16784487241ef496d9-2"],"settings":{"heading":"IN THE PRESS","full_width":false,"text_size":"large","font_family":"heading","pagination":"logos","autoplay":true,"autoplay_length":5,"color_bg":"#f0f8f9","color_text":"#263d2d","disable_top_spacing":false,"disable_bottom_spacing":false}},"1647955648d6a0baee":{"type":"featured-blog","settings":{"heading":"LATEST NEWS","marker_style":"style1","description":"<p>Beyond mere adornment, these pieces are made to make you feel good.<\/p>","blog":"news","post_limit":3,"columns_desktop":3,"mobile_swipe":true,"image_ratio":"adapt","show_date":true,"show_excerpt":true,"show_read_more":false,"show_view_all":true,"marker_color":"#fd6262","disable_top_spacing":false,"disable_bottom_spacing":true}},"c8e5b9a5-f2fc-406e-84f0-e7f6a0d612b4":{"type":"spacer","settings":{"spacer_mobile":35,"spacer_desktop":40,"border_separator":false,"border_separator_full":false}},"a1877c39-a91f-41d8-9903-63ef4face773":{"type":"multicolumn","blocks":{"template--18092558516542__a1877c39-a91f-41d8-9903-63ef4face773-16782930055f3edf2b-0":{"type":"column","settings":{"image":"","image_full_width":false,"image_link":"","title":"","text":"","link_label":"","link":""}},"template--18092558516542__a1877c39-a91f-41d8-9903-63ef4face773-16782930055f3edf2b-1":{"type":"column","settings":{"image":"","image_full_width":false,"image_link":"","title":"","text":"","link_label":"","link":""}},"template--18092558516542__a1877c39-a91f-41d8-9903-63ef4face773-16782930055f3edf2b-2":{"type":"column","settings":{"image":"","image_full_width":false,"image_link":"","title":"","text":"","link_label":"","link":""}},"template--18092558516542__a1877c39-a91f-41d8-9903-63ef4face773-16782930055f3edf2b-3":{"type":"column","settings":{"image":"","image_full_width":false,"image_link":"","title":"","text":"","link_label":"","link":""}},"89ebca51-61fd-48e8-a708-e3f1f840e190":{"type":"column","settings":{"image":"","image_full_width":false,"image_link":"","title":"","text":"","link_label":"","link":""}}},"block_order":["template--18092558516542__a1877c39-a91f-41d8-9903-63ef4face773-16782930055f3edf2b-0","template--18092558516542__a1877c39-a91f-41d8-9903-63ef4face773-16782930055f3edf2b-1","template--18092558516542__a1877c39-a91f-41d8-9903-63ef4face773-16782930055f3edf2b-2","template--18092558516542__a1877c39-a91f-41d8-9903-63ef4face773-16782930055f3edf2b-3","89ebca51-61fd-48e8-a708-e3f1f840e190"],"settings":{"heading":"FOLLOW US @FUELTHEMES","marker_style":"style1","description":"","columns_desktop":5,"mobile_swipe":true,"image_ratio":"adapt","text_alignment":"left","heading_size":"h5","color_heading":"#263d2d","marker_color":"#fd6262","color_text":"#4e6756","color_links":"#2c2d2e","disable_top_spacing":true,"disable_bottom_spacing":false}},"aed8d8de-5b18-4f9a-b47c-c791458ce1e7":{"type":"text-with-icons","blocks":{"template--18092558516542__aed8d8de-5b18-4f9a-b47c-c791458ce1e7-16782946191cc2a430-0":{"type":"icon","settings":{"icon":"ruler","image":"","heading":"FREE SHIPPING","text":"<p>We are happy to offer international shipping for a flat rate of $40.<\/p>"}},"template--18092558516542__aed8d8de-5b18-4f9a-b47c-c791458ce1e7-16782946191cc2a430-1":{"type":"icon","settings":{"icon":"ruler","image":"","heading":"GIFT PACKAGE","text":"<p>Pair text with an image to focus on your chosen product.<\/p>"}},"template--18092558516542__aed8d8de-5b18-4f9a-b47c-c791458ce1e7-16782946191cc2a430-2":{"type":"icon","settings":{"icon":"ruler","image":"","heading":"EASY RETURNS","text":"<p>Pair text with an image to focus on your chosen product.<\/p>"}},"8819ac50-53b9-4d87-8324-f3759114e43e":{"type":"icon","settings":{"icon":"ruler","image":"","heading":"ONE YEAR WARRANTY","text":"<p>Pair text with an image to focus on your chosen product.<\/p>"}}},"block_order":["template--18092558516542__aed8d8de-5b18-4f9a-b47c-c791458ce1e7-16782946191cc2a430-0","template--18092558516542__aed8d8de-5b18-4f9a-b47c-c791458ce1e7-16782946191cc2a430-1","template--18092558516542__aed8d8de-5b18-4f9a-b47c-c791458ce1e7-16782946191cc2a430-2","8819ac50-53b9-4d87-8324-f3759114e43e"],"settings":{"text_alignment":"center","icon_position":"top","icon_size":"small","heading_size":"large","mobile_swipe":true,"color_bg":"#f9f5f0","color_heading":"#263d2d","color_text":"#3b5342","disable_top_spacing":true,"disable_bottom_spacing":true}}},"order":["16479477632637c9a7","16614195534fb74bc3","f3c4ec0d-1c6a-4481-a38f-15524a566d65","c9af3020-64c6-448e-9d0c-f8adfde956b7","44b525b1-faa3-47a3-8db8-4929eb306598","fccf014a-f382-42d7-8bba-d68816d841c2","a6fe693f-b820-43bd-83d0-ee47eb26e731","eb920df2-e1ec-4571-8292-63cfe33d5ad9","93f22695-13d8-4bb3-9dbe-bc67b02a92f5","bcee7466-8e7b-4179-9ddf-9801b68be54b","a8d79de8-98ca-4e73-b2da-6385ac9b823d","a732f62c-ee2b-4d37-87eb-4d5a574dcc7c","e718bae4-eb70-410e-a060-c6ed2dfa0510","8e00d6cd-6929-49c9-af9e-60c9829c238b","1647955648d6a0baee","c8e5b9a5-f2fc-406e-84f0-e7f6a0d612b4","a1877c39-a91f-41d8-9903-63ef4face773","aed8d8de-5b18-4f9a-b47c-c791458ce1e7"]}