{"sections":{"1661619382b4020fa2":{"type":"rich-text","blocks":{"166161938159ca8988-1":{"type":"heading","settings":{"text":"CONTACT US","size":"h2"}},"166161938159ca8988-2":{"type":"text","settings":{"text":"<p>Share information about your brand with your customers. Describe a product, make announcements, or welcome customers to your store.<\/p>","size":"text-size-regular"}}},"block_order":["166161938159ca8988-1","166161938159ca8988-2"],"settings":{"text_width":"medium","text_position":"center","text_alignment":"center","color_bg":"transparent","color_text":"#151515","color_links":"#151515","disable_top_spacing":false,"disable_bottom_spacing":true}},"1652268757b7c53383":{"type":"contact-form","settings":{"heading":"","description":"","show_phone_number":true,"disable_top_spacing":true,"disable_bottom_spacing":false}}},"order":["1661619382b4020fa2","1652268757b7c53383"]}