{"sections":{"breadcrumbs":{"type":"breadcrumbs","settings":{}},"main-product":{"type":"main-product","blocks":{"2b609eea-6cce-4efe-b447-c5560de1d797":{"type":"label","settings":{}},"e431a79e-9c7b-4a53-a79a-0cb918617ecf":{"type":"text","settings":{"text":"","text_style":"style_vendor"}},"title":{"type":"title","settings":{"show_products_rating":true}},"quantity":{"type":"quantity","settings":{}},"buy_buttons":{"type":"buy_buttons","settings":{"show_dynamic_checkout":true,"show_gift_card_recipient":false}},"0b3e272b-c86a-4dba-946c-c6912251371c":{"type":"description","settings":{}},"4fd23485-293f-46a0-8a4c-34d0e25ea41b":{"type":"share","settings":{}}},"block_order":["2b609eea-6cce-4efe-b447-c5560de1d797","e431a79e-9c7b-4a53-a79a-0cb918617ecf","title","quantity","buy_buttons","0b3e272b-c86a-4dba-946c-c6912251371c","4fd23485-293f-46a0-8a4c-34d0e25ea41b"],"settings":{"enable_sticky_add_to_cart":true,"show_taxes_included":false,"thumbnail_position":"left","media_aspect_ratio":"adapt","display_captions":true,"hide_variants":false,"lightbox":true,"enable_video_looping":false}},"16623877721f33fb14":{"type":"spacer","settings":{"spacer_mobile":35,"spacer_desktop":90,"border_separator":false,"border_separator_full":false}},"product-recommendations":{"type":"product-recommendations","disabled":true,"settings":{"heading":"You may also like","description":"<p>Combine your style with these products<\/p>","mobile_swipe":true,"product_limit":4,"columns_desktop":4,"disable_top_spacing":true,"disable_bottom_spacing":false}},"background_video_y9rNmq":{"type":"background-video","blocks":{"heading_xxgCiG":{"type":"heading","settings":{"text":"Unleash your plant'sinner superhero!","heading_size":"h1"}}},"block_order":["heading_xxgCiG"],"settings":{"desktop_height":"desktop-height-full","mobile_height":"mobile-height-500","full_width":true,"video_controls":false,"video":"https:\/\/www.youtube.com\/watch?v=_9VUPq3SxOc","video_hosted":"shopify:\/\/files\/videos\/videoplayback.webm","overlay_color":"#000000","overlay_opacity":25,"disable_top_spacing":false,"disable_bottom_spacing":false}},"rich_text_bYEVPN":{"type":"rich-text","blocks":{"heading_TikVFb":{"type":"heading","settings":{"text":"More than aesthetics","marker_style":"style1","size":"h3","marker_color":"#FD6262"}},"text_LPa7Lc":{"type":"text","settings":{"text":"<p>Beyond its aesthetic appeal, Levipot offers numerous benefits for both plants and plant enthusiasts alike. The levitating design allows for 360-degree exposure to sunlight, ensuring optimal growth and photosynthesis for your green companions. With no physical contact to the ground, plants are shielded from soil-borne diseases, promoting their overall health and vitality.<\/p>","size":"text-size-regular"}}},"block_order":["heading_TikVFb","text_LPa7Lc"],"settings":{"text_width":"medium","text_position":"center","text_alignment":"center","color_bg":"transparent","color_heading":"#1a1c1d","color_text":"#2c2d2e","color_links":"#2c2d2e","disable_top_spacing":false,"disable_bottom_spacing":false}},"image_with_text_6hr6BG":{"type":"image-with-text","blocks":{"heading_mt3VXV":{"type":"heading","settings":{"text":"I'm levitating","marker_style":"style1","heading_size":"h3","marker_color":"#FD6262"}},"text_krYt3T":{"type":"text","settings":{"text":"<p>Levipot defies gravity with magnetic power, levitating your plants above a wooden base. This mesmerizing feature showcases the wonders of science while providing optimal sunlight exposure for vibrant plant growth. Embrace the magic of Levipot and elevate your plants to new heights.<\/p>"}}},"block_order":["heading_mt3VXV","text_krYt3T"],"settings":{"image":"shopify:\/\/shop_images\/V227-3720101000990-1664856436-04-370460_1200x_8ef5fa77-8e11-4939-bd16-d6bb3018dc06.webp","use_video":false,"video":"https:\/\/www.youtube.com\/watch?v=_9VUPq3SxOc","video_autoplay":true,"height":"adapt","desktop_image_width":"medium","full_width":false,"layout":"image_first","content_position":"text-left","column_spacing":"medium","color_bg":"#ffffff","color_text":"#2c2d2e","color_border":"#e2e2e2","disable_top_spacing":true,"disable_bottom_spacing":false}},"media_grid_rkBTrm":{"type":"media-grid","blocks":{"media_hQfHFB":{"type":"media","settings":{"image":"shopify:\/\/shop_images\/Floately-3-scaled.webp","slide_link":"","use_video":false,"video_autoplay":true,"column":2,"row":1,"subheading":"","heading":"Plant Power","heading_size":"h3","button_text":"","button_link":"","content_position":"middle-center","text_alignment":"center","color_bg":"#ffffff","color_bg_gradient":"","color_text":"#ffffff","color_link":"#3F72E5","overlay_color":"#000000","overlay_opacity":19}},"media_mKdEx9":{"type":"media","settings":{"slide_link":"","use_video":true,"video_hosted":"shopify:\/\/files\/videos\/download (13).mp4","video_autoplay":true,"column":2,"row":2,"subheading":"","heading":"Magic in Air","heading_size":"h3","button_text":"","button_link":"","content_position":"middle-center","text_alignment":"center","color_bg":"#ffffff","color_bg_gradient":"","color_text":"#ffffff","color_link":"#3F72E5","overlay_color":"#000000","overlay_opacity":20}},"media_aQQ4zq":{"type":"media","settings":{"image":"shopify:\/\/shop_images\/levitating-plant-pot-763471_1024x1024_3c499df2-d50a-4453-b16e-5f39584a565a.webp","slide_link":"","use_video":false,"video_autoplay":true,"column":2,"row":1,"subheading":"","heading":"HeadingFloat & Thrive","heading_size":"h3","button_text":"","button_link":"","content_position":"middle-center","text_alignment":"center","color_bg":"#ffffff","color_bg_gradient":"","color_text":"#ffffff","color_link":"#3F72E5","overlay_color":"#000000","overlay_opacity":18}}},"block_order":["media_hQfHFB","media_mKdEx9","media_aQQ4zq"],"settings":{"desktop_height":300,"mobile_height":250,"column_spacing":"medium","color_bg":"#ffffff","color_text":"#2c2d2e","color_link":"#3f72e5","disable_top_spacing":false,"disable_bottom_spacing":false}},"image_with_text_overlay_YWGYjU":{"type":"image-with-text-overlay","blocks":{"heading_yzDPpC":{"type":"heading","settings":{"text":"Levitation meets horticulture","heading_size":"h1"}}},"block_order":["heading_yzDPpC"],"settings":{"image":"shopify:\/\/shop_images\/FI8U1Q5JPN3NF12.webp","image_parallax":false,"desktop_height":"desktop-height-full","mobile_height":"mobile-height-500","full_width":true,"content_width":"medium","content_position":"middle-center","text_alignment":"center","text_color":"#FFFFFF","overlay_color":"#000000","overlay_opacity":30,"disable_top_spacing":false,"disable_bottom_spacing":true}},"scrolling_text_KKi8FQ":{"type":"scrolling-text","blocks":{"text_RUGawX":{"type":"text","settings":{"text":"FLOAT ABOVE THE ORDINARY","link":"","outline_text":true}},"text_H4BrWE":{"type":"text","settings":{"text":"FLOAT ABOVE THE ORDINARY","link":"","outline_text":true}}},"block_order":["text_RUGawX","text_H4BrWE"],"settings":{"height":"height-auto","full_width":true,"direction":"left","speed":"20s","rotation":0,"negative_rotation":false,"font_family":"heading","text_size":46,"text_uppercase":true,"image_size":"large","color_bg":"transparent","color_text":"#047044","overlay_color":"#000000","overlay_opacity":0,"disable_top_spacing":true,"disable_bottom_spacing":false}},"image_with_text_TWJTFi":{"type":"image-with-text","blocks":{"heading_YkxLTx":{"type":"heading","settings":{"text":"Eco-friendly","marker_style":"style1","heading_size":"h3","marker_color":"#FD6262"}},"text_TkFNhP":{"type":"text","settings":{"text":"<p>Levipot incorporate eco-conscious features. You don't need to throw these away as it is made from durable materials. It will keep your plants a good comany during their lives!<\/p>"}}},"block_order":["heading_YkxLTx","text_TkFNhP"],"settings":{"image":"shopify:\/\/shop_images\/img_0572.webp","use_video":false,"video":"https:\/\/www.youtube.com\/watch?v=_9VUPq3SxOc","video_autoplay":true,"height":"adapt","desktop_image_width":"medium","full_width":false,"layout":"image_first","content_position":"text-left","column_spacing":"medium","color_bg":"#ffffff","color_text":"#2c2d2e","color_border":"#e2e2e2","disable_top_spacing":false,"disable_bottom_spacing":false}},"text_with_icons_DpBYma":{"type":"text-with-icons","blocks":{"icon_CBPU9e":{"type":"icon","settings":{"icon":"ruler","image":"shopify:\/\/shop_images\/3.png","heading":"Aesthetic","text":"<p>It not only adds a touch of elegance to your space but also promotes sustainability.<\/p>"}},"icon_Eeaznb":{"type":"icon","settings":{"icon":"ruler","image":"shopify:\/\/shop_images\/4.png","heading":"Magnetic","text":"<p>Levipot harnesses the power of magnets to levitate your plants above a wooden base, creating a stunning and gravity-defying display.<\/p>"}},"icon_jYWMCq":{"type":"icon","settings":{"icon":"ruler","image":"shopify:\/\/shop_images\/5.png","heading":"Space-safer","text":"<p>Levipot 's levitating plant pot offers a unique and space-saving solution for plant enthusiasts.<\/p>"}}},"block_order":["icon_CBPU9e","icon_Eeaznb","icon_jYWMCq"],"settings":{"text_alignment":"center","icon_position":"top","icon_size":"large","heading_size":"large","mobile_swipe":true,"color_bg":"transparent","color_heading":"#1a1c1d","color_text":"#2c2d2e","disable_top_spacing":false,"disable_bottom_spacing":false}},"collapsible_content_TpLEFP":{"type":"collapsible-content","blocks":{"collapsible_tab_Hn48fw":{"type":"collapsible_tab","settings":{"heading":"How does it work?","open":false,"content":"<p>Levipot utilizes magnetic technology to levitate plants above a wooden base. The pot and base contain opposing magnets, creating a magnetic repulsion force that lifts the pot and allows it to float in mid-air.<\/p><p><\/p>","page":""}},"collapsible_tab_DhTiXG":{"type":"collapsible_tab","settings":{"heading":"Is it safe for the plants?","open":false,"content":"<p>Absolutely! Levipot is designed with the utmost care for plant health. The levitating pot provides optimal sunlight exposure, and the plants remain securely suspended above the base, protected from soil-borne diseases and pests<\/p><p><\/p>","page":""}},"collapsible_tab_WRrFJ4":{"type":"collapsible_tab","settings":{"heading":"Is it easy to set up?","open":false,"content":"<p>Yes, setting up Levipot is straightforward. The package includes detailed instructions, and no additional tools are required. You'll be enjoying your levitating plants in no time!<\/p>","page":""}},"collapsible_tab_prLGzU":{"type":"collapsible_tab","settings":{"heading":"Can I control the height?","open":false,"content":"<p>Levipot is designed to maintain a consistent levitation height. The magnetic force is carefully calibrated to ensure optimal stability and visual appeal.<\/p><p><\/p>","page":""}}},"block_order":["collapsible_tab_Hn48fw","collapsible_tab_DhTiXG","collapsible_tab_WRrFJ4","collapsible_tab_prLGzU"],"settings":{"heading":"You asked, we answer!","marker_style":"style1","description":"","color_bg":"#047044","color_heading":"#ffffff","marker_color":"#FD6262","color_text":"#ffffff","color_links":"#2c2d2e","color_border":"#ffffff","disable_top_spacing":false,"disable_bottom_spacing":false}},"scrolling_text_E8rQfx":{"type":"scrolling-text","blocks":{"text_RGeXfN":{"type":"text","settings":{"text":"LOVED ON TIKTOK!","link":"","outline_text":false}},"text_rwJMyp":{"type":"text","settings":{"text":"LOVED ON TIKTOK!","link":"","outline_text":false}}},"block_order":["text_RGeXfN","text_rwJMyp"],"settings":{"height":"height-auto","full_width":true,"direction":"left","speed":"20s","rotation":2,"negative_rotation":false,"font_family":"heading","text_size":24,"text_uppercase":false,"image_size":"large","color_bg":"transparent","color_text":"#047044","overlay_color":"#000000","overlay_opacity":0,"disable_top_spacing":false,"disable_bottom_spacing":false}},"gallery_VrPtDy":{"type":"gallery","blocks":{"image_pwgd9C":{"type":"image","settings":{"image":"shopify:\/\/shop_images\/Nevtelen_A_te_torteneted.png","enable_gallery_video":true,"video_hosted":"shopify:\/\/files\/videos\/download (3).mp4","enable_hover_play":false,"subheading":"","title":"","marker_style":"style1","text":"","link_label":"","link":"","use_text_button":false,"block_link":"","marker_color":"#FD6262"}},"image_7i7mkN":{"type":"image","settings":{"image":"shopify:\/\/shop_images\/Nevtelen_A_te_torteneted.png","enable_gallery_video":true,"video_hosted":"shopify:\/\/files\/videos\/download (8).mp4","enable_hover_play":false,"subheading":"","title":"","marker_style":"style1","text":"","link_label":"","link":"","use_text_button":false,"block_link":"","marker_color":"#FD6262"}},"image_imijwD":{"type":"image","settings":{"image":"shopify:\/\/shop_images\/Nevtelen_A_te_torteneted.png","enable_gallery_video":true,"video_hosted":"shopify:\/\/files\/videos\/download (2).mp4","enable_hover_play":false,"subheading":"","title":"","marker_style":"style1","text":"","link_label":"","link":"","use_text_button":false,"block_link":"","marker_color":"#FD6262"}}},"block_order":["image_pwgd9C","image_7i7mkN","image_imijwD"],"settings":{"columns_desktop":3,"full_width":false,"mobile_swipe":false,"image_ratio":"adapt","content_position":"bottom-left","text_alignment":"left","column_spacing":"small","heading_size":"h2","description_size":"medium","overlay_color":"#000000","overlay_opacity":0,"disable_top_spacing":true,"disable_bottom_spacing":false}}},"order":["breadcrumbs","main-product","16623877721f33fb14","product-recommendations","background_video_y9rNmq","rich_text_bYEVPN","image_with_text_6hr6BG","media_grid_rkBTrm","image_with_text_overlay_YWGYjU","scrolling_text_KKi8FQ","image_with_text_TWJTFi","text_with_icons_DpBYma","collapsible_content_TpLEFP","scrolling_text_E8rQfx","gallery_VrPtDy"]}